{
    "accuracy": 0.8211382113821138,
    "confusion_matrix": [
        [
            28,
            10
        ],
        [
            12,
            73
        ]
    ],
    "classification_report": {
        "0": {
            "precision": 0.7,
            "recall": 0.7368421052631579,
            "f1_score": 0.717948717948718,
            "support": 38.0
        },
        "1": {
            "precision": 0.8795180722891566,
            "recall": 0.8588235294117647,
            "f1_score": 0.8690476190476191,
            "support": 85.0
        },
        "macro avg": {
            "precision": 0.7897590361445783,
            "recall": 0.7978328173374613,
            "f1_score": 0.7934981684981686,
            "support": 123.0
        },
        "weighted avg": {
            "precision": 0.8240572044274659,
            "recall": 0.8211382113821138,
            "f1_score": 0.8223666577325114,
            "support": 123.0
        }
    }
}