{
    "accuracy": 0.8048780487804879,
    "confusion_matrix": [
        [
            27,
            11
        ],
        [
            13,
            72
        ]
    ],
    "classification_report": {
        "0": {
            "precision": 0.675,
            "recall": 0.7105263157894737,
            "f1-score": 0.6923076923076923,
            "support": 38.0
        },
        "1": {
            "precision": 0.8674698795180723,
            "recall": 0.8470588235294118,
            "f1-score": 0.8571428571428571,
            "support": 85.0
        },
        "accuracy": 0.8048780487804879,
        "macro avg": {
            "precision": 0.7712349397590361,
            "recall": 0.7787925696594427,
            "f1-score": 0.7747252747252746,
            "support": 123.0
        },
        "weighted avg": {
            "precision": 0.8080076403173672,
            "recall": 0.8048780487804879,
            "f1-score": 0.8062181720718306,
            "support": 123.0
        }
    }
}