{
    "accuracy": 0.8211382113821138,
    "confusion_matrix": [
        [
            26,
            12
        ],
        [
            10,
            75
        ]
    ],
    "classification_report": {
        "0": {
            "precision": 0.7222222222222222,
            "recall": 0.6842105263157895,
            "f1_score": 0.7027027027027027,
            "support": 38.0
        },
        "1": {
            "precision": 0.8620689655172413,
            "recall": 0.8823529411764706,
            "f1_score": 0.872093023255814,
            "support": 85.0
        },
        "macro avg": {
            "precision": 0.7921455938697317,
            "recall": 0.78328173374613,
            "f1_score": 0.7873978629792584,
            "support": 123.0
        },
        "weighted avg": {
            "precision": 0.8188642805968289,
            "recall": 0.8211382113821138,
            "f1_score": 0.8197610543044463,
            "support": 123.0
        }
    }
}