{
    "coefficients": [
        0.6660320020215215,
        -0.35967747974351616,
        -0.6984211974967848,
        -0.0846625328122899,
        1.4028649168327303,
        0.4935529216890143,
        -0.7174397876100486,
        0.5429153213665091,
        -0.09013372366617578,
        0.09736612556664745,
        -0.04043678789030107,
        0.18267280981941644,
        0.11783505601501042,
        -0.24219935129467482,
        0.015760973039501854,
        0.4498126020290372,
        0.14764070809864033
    ],
    "intercept": 0.09269911803181129,
    "scaler_mean": [
        4617.111563517915,
        1419.7022312518566,
        137.89006514657981,
        342.4104234527687,
        0.8550488599348535,
        4.844351937073818,
        8.298614621880233,
        4.272817364490131,
        0.8175895765472313,
        0.6530944625407166,
        0.16612377850162866,
        0.16449511400651465,
        0.08306188925081433,
        0.2182410423452769,
        0.13355048859934854,
        0.3794788273615635,
        0.3289902280130293
    ],
    "scaler_scale": [
        2477.831482533738,
        1623.2823841731333,
        57.03317551888324,
        64.37614137743927,
        0.35205156874946725,
        0.4437991669940032,
        0.5448626921844089,
        3.850583853438985,
        0.38618241916036306,
        0.4759853837455192,
        0.37219170963089776,
        0.37072425261169306,
        0.27597574495759547,
        0.41305192141100605,
        0.34016871636619356,
        0.485257299734745,
        0.46984641946594025
    ],
    "feature_names": [
        "ApplicantIncome",
        "CoapplicantIncome",
        "LoanAmount",
        "Loan_Amount_Term",
        "Credit_History",
        "log_LoanAmount",
        "log_ApplicantIncome",
        "log_CoapplicantIncome",
        "Gender_Male",
        "Married_Yes",
        "Dependents_1",
        "Dependents_2",
        "Dependents_3",
        "Education_Not Graduate",
        "Self_Employed_Yes",
        "Property_Area_Semiurban",
        "Property_Area_Urban"
    ]
}