{
    "coefficients": [
        -0.023900930756496318,
        0.06933598024211934,
        -0.21433037424477808,
        -0.022025024356416407,
        1.3841213352533925,
        -0.08185869882072931,
        0.17138892683806126,
        -0.05128835423486773,
        0.16705175352198207,
        0.08042471941446967,
        -0.184367062990074,
        0.008747798294947588,
        0.544262227744308,
        0.20749829169404047
    ],
    "intercept": 0.05617513164042144,
    "scaler_mean": [
        4617.111563517915,
        1419.7022312518566,
        137.89006514657981,
        342.4104234527687,
        0.8550488599348535,
        0.8175895765472313,
        0.6530944625407166,
        0.16612377850162866,
        0.16449511400651465,
        0.08306188925081433,
        0.2182410423452769,
        0.13355048859934854,
        0.3794788273615635,
        0.3289902280130293
    ],
    "scaler_scale": [
        2477.831482533738,
        1623.2823841731333,
        57.03317551888324,
        64.37614137743927,
        0.35205156874946725,
        0.38618241916036306,
        0.4759853837455192,
        0.37219170963089776,
        0.37072425261169306,
        0.27597574495759547,
        0.41305192141100605,
        0.34016871636619356,
        0.485257299734745,
        0.46984641946594025
    ],
    "feature_names": [
        "ApplicantIncome",
        "CoapplicantIncome",
        "LoanAmount",
        "Loan_Amount_Term",
        "Credit_History",
        "Gender_Male",
        "Married_Yes",
        "Dependents_1",
        "Dependents_2",
        "Dependents_3",
        "Education_Not Graduate",
        "Self_Employed_Yes",
        "Property_Area_Semiurban",
        "Property_Area_Urban"
    ]
}