{
    "coefficients": [
        -0.04575742029948554,
        0.07197449612948038,
        -0.2077113258578654,
        -0.01711772304200666,
        1.3255685765868401,
        0.004264031478634695,
        0.17338252274030616,
        0.0,
        0.0,
        0.0,
        -0.15198319363129512,
        0.03306887089403771,
        0.4263171211434165,
        0.16859467665340902
    ],
    "intercept": 0.026940287667326958,
    "scaler_mean": [
        4617.111563517915,
        1419.7022312518566,
        137.89006514657981,
        342.4104234527687,
        0.8550488599348535,
        0.8175895765472313,
        0.6530944625407166,
        0.0,
        0.0,
        0.0,
        0.2182410423452769,
        0.13355048859934854,
        0.3794788273615635,
        0.3289902280130293
    ],
    "scaler_scale": [
        2477.831482533738,
        1623.2823841731333,
        57.03317551888324,
        64.37614137743927,
        0.35205156874946725,
        0.38618241916036306,
        0.4759853837455192,
        1.0,
        1.0,
        1.0,
        0.41305192141100605,
        0.34016871636619356,
        0.485257299734745,
        0.46984641946594025
    ],
    "feature_names": [
        "ApplicantIncome",
        "CoapplicantIncome",
        "LoanAmount",
        "Loan_Amount_Term",
        "Credit_History",
        "Gender_Male",
        "Married_Yes",
        "Dependents_1",
        "Dependents_2",
        "Dependents_3",
        "Education_Not Graduate",
        "Self_Employed_Yes",
        "Property_Area_Semiurban",
        "Property_Area_Urban"
    ]
}